0,246985400,0,134217787,100
1,33189400,0,134367297,50.0557
2,503791700,1,134540473,33.4135
3,32812000,0,134730943,25.0956
4,24674900,0,134938821,20.1075
5,22812900,0,135164107,16.7842
6,24748700,0,135405777,14.4122
7,30214500,0,135670999,12.6353
8,30345000,0,135670999,11.2314
9,22666200,0,135670999,10.1083
10,23697000,0,135670999,9.18934
11,26374900,0,135670999,8.42356
12,25376800,0,19340707,1.10846
13,30165000,0,19706281,1.04874
14,35915600,0,20092392,0.998
15,29335800,0,20493806,0.954317
16,32160500,0,20917748,0.916761
17,31926200,0,21356026,0.883971
18,28700300,0,21810688,0.855275
19,31150700,0,22282758,0.830097
20,24146900,1,22771269,0.807901
21,24291700,1,23275083,0.78824
22,23788600,0,23794257,0.770787
23,25163100,0,24327767,0.755233
24,26848700,0,24877661,0.741412
25,28595800,0,25443939,0.729124
26,38439200,0,18885883,0.521151
27,27693400,0,19484019,0.518454
28,25164000,0,20091257,0.516178
29,45444200,0,20718975,0.514561
30,31746400,0,21362053,0.513418
31,29578800,0,22018443,0.512657
32,28824600,0,22690250,0.51229
33,28299000,0,23383504,0.512414
34,25559400,0,24091094,0.512836
35,26657700,0,24819164,0.513659
36,28735700,0,25563618,0.514767
37,32016400,0,26321384,0.516078
38,26343300,0,27092519,0.517577
39,26916200,0,27878957,0.519286
40,27177900,0,28684851,0.521265
41,25173100,0,29510201,0.523496
42,43588600,0,30352959,0.525924
43,32622100,0,31215173,0.528571
44,33957500,0,20433797,0.338319
45,28616600,0,21326731,0.345427
46,25890300,0,22230929,0.352411
47,30105700,0,23152535,0.359375
48,28878300,0,24089501,0.366287
49,40110200,0,25045923,0.373213
50,38486900,1,26018786,0.380108
51,30541400,1,27013096,0.387045
52,36138800,0,28021742,0.393921
53,26232100,0,29044724,0.400741
54,42870700,0,30082042,0.407507
55,41745000,0,31139840,0.414303
56,27647700,0,32209983,0.421023
57,27263100,0,33298501,0.427747
58,37709900,0,34400331,0.434411
59,36413500,0,35528785,0.441183
60,30919700,0,36672599,0.447922
61,37934000,0,37837917,0.454701
62,32489700,0,22741279,0.268946
63,27625800,0,23940389,0.278703
64,25707900,0,25153835,0.288324
65,26068500,0,26380593,0.297804
66,30615300,0,27623735,0.307183
67,30045700,0,28881213,0.316444
68,30574700,0,30154108,0.325602
69,30703500,0,31442306,0.334662
70,28039300,0,32742792,0.343596
71,36503500,0,34057614,0.352429
72,39588900,0,35389844,0.361198
73,53231900,0,36733338,0.369844
74,254457900,0,170951125,1.69825
75,25030400,1,171100635,1.67737
76,31054100,1,171266529,1.65719
77,27879700,0,171450855,1.6377
78,26867600,0,171650541,1.61886
79,41808600,0,171868659,1.60065
80,37204100,0,171868659,1.58089
81,29453400,0,171868659,1.56161
82,39582100,0,171868659,1.5428
83,26218200,0,171868659,1.52443
84,29707500,0,171868659,1.5065
85,30859800,0,44025625,0.381415
86,24624500,0,44364575,0.379933
87,25496200,0,44722981,0.37865
88,24467000,0,45096747,0.377525
89,38524200,0,45486897,0.37656
90,33326000,0,45890359,0.375725
91,34344500,0,42892195,0.347361
92,31570900,0,43330473,0.347137
93,28588500,0,43785135,0.347048
94,27775600,0,44254133,0.347073
95,31359000,0,44741563,0.34724
96,31169800,0,45244353,0.347522
97,30041700,0,45768704,0.347963
98,30625100,0,46310406,0.348525
99,26393600,0,46866444,0.349182
100,27747800,0,47441938,0.34997
101,31622200,0,48035864,0.350878
102,34853900,0,48645150,0.351878
103,25089200,0,49273949,0.353
104,24489400,0,49924195,0.354252
105,24000800,0,50590825,0.355595
106,25314300,0,51269743,0.356999
107,28398200,0,51961973,0.358469
108,28661400,1,52666491,0.359996
109,42002100,0,44048288,0.29835
110,26424200,0,44790808,0.300646
111,23428000,0,45550622,0.303017
112,28648400,0,46327844,0.30546
113,27043200,0,47123498,0.30798
114,37575900,0,47932464,0.310543
115,26917700,0,48755823,0.313154
116,28915900,0,49600629,0.315858
117,24554400,0,50457723,0.318593
118,26332400,0,51330177,0.321378
119,37497300,0,52221063,0.324231
120,31968300,0,53126285,0.327125
121,27187800,0,54043852,0.330048
122,26862700,0,54981842,0.333046
123,28350300,0,55935192,0.336088
124,33335100,0,56905950,0.339186
125,28296400,0,57887972,0.342301
126,31546000,0,58889450,0.345481
127,32869000,0,45965425,0.267554
128,38147700,0,47005815,0.271489
129,25854900,0,48061565,0.275451
130,28121500,0,49133699,0.279446
131,26987000,0,50220169,0.283462
132,29792000,0,51326095,0.287526
133,25250100,0,52444366,0.291598
134,27915900,0,53583060,0.295722
135,25545200,0,54735066,0.299859
136,25530300,0,55901408,0.304013
137,28277400,0,57080038,0.308174
138,30433400,0,58278124,0.312378
139,36524300,0,59488555,0.316589
140,28358300,0,60717361,0.320837
141,28142800,0,61968695,0.325143
142,27030600,0,63234365,0.329463
143,32367300,0,64516419,0.333809
144,37767700,0,65806665,0.338136
145,36755900,0,48632581,0.248179
146,28645100,0,49948427,0.25316
147,26592900,0,51277585,0.25814
148,44564900,0,52624151,0.263141
149,245933200,0,186841881,0.928054
150,25161900,0,186985304,0.922615
151,26045300,0,187145054,0.917328
152,22960900,0,187325284,0.912211
153,24835700,0,187519850,0.907228
154,28389000,0,187730800,0.902389
155,30714700,0,187959158,0.897695
156,33372500,0,187959158,0.891978
157,27478900,0,187959158,0.886332
158,30849800,0,187959158,0.880758
159,27459500,0,187959158,0.875253
160,29204300,0,68357059,0.316335
161,43992900,0,68692937,0.315927
162,30859200,0,69047304,0.315609
163,29237000,0,69413902,0.31535
164,24294500,0,69791764,0.315145
165,28940400,0,70193178,0.315048
166,29582000,0,70617120,0.315053
167,37008500,0,71059494,0.31514
168,27518500,1,71520357,0.315307
169,24585000,0,71997547,0.315543
170,25939300,0,72489073,0.31584
171,30935100,0,72994935,0.316195
172,28034100,0,73517181,0.316616
173,29744600,0,74053763,0.317094
174,35664000,0,67936723,0.289239
175,31197800,0,68514379,0.290041
176,26114900,0,69107281,0.290898
177,26670600,0,69717591,0.291818
178,34081500,0,70341213,0.292784
179,32843500,0,70981219,0.293806
180,26918000,0,71631522,0.29486
181,30499400,0,72299176,0.295973
182,42015100,0,72981166,0.297132
183,30808100,0,73677492,0.298337
184,30021600,0,74395322,0.299615
185,30601200,0,75130560,0.30095
186,28125000,0,75882239,0.302335
187,26245100,0,76647173,0.303759
188,30898700,0,77426443,0.305223
189,26893600,0,78223121,0.306741
190,27612500,0,79034135,0.308299
191,30625200,0,79861533,0.309904
192,33924100,0,69437237,0.268056
193,29414500,1,70297403,0.269978
194,26744400,0,71178049,0.271958
195,29726900,0,72078151,0.273992
196,29070800,0,72988493,0.276044
197,31469300,0,73914195,0.278133
198,28586800,0,74859410,0.280274
199,35823100,0,75814808,0.282432
200,25839200,0,76790686,0.284644
201,33890400,0,77786020,0.286906
202,39525300,0,78799786,0.289214
203,34545000,0,79829936,0.291559
204,28688600,0,80872431,0.293925
205,26475400,0,81933301,0.296335
206,25445800,0,83005435,0.298763
207,26519600,0,84096001,0.301233
208,29991600,0,85200903,0.30373
209,29539400,0,86324237,0.306269
210,32355700,0,71686736,0.253132
211,26640100,0,72841814,0.255997
212,30912800,0,74014300,0.258896
213,36448100,0,75201122,0.261819
214,28509900,0,76410472,0.264792
215,32055700,0,77633134,0.267783
216,27405700,0,78874285,0.270811
217,33198000,0,80129715,0.273859
218,33862100,1,81397433,0.276922
219,26315800,0,82675391,0.279991
220,31463200,0,83973829,0.283101
221,32519500,0,85291723,0.286249
222,27628900,0,86620938,0.289406
223,31364400,0,87959312,0.292566
224,41270600,0,89312022,0.295745
225,250962800,0,223529752,0.736914
226,30747400,0,223529752,0.733668
227,29950200,0,223529752,0.73045
228,24157900,0,223529752,0.72726
229,25707800,0,223529752,0.724098
230,30253200,0,223529752,0.720964
231,32694600,0,92941579,0.298478
232,24742000,0,93194570,0.298006
233,25368900,0,93462864,0.297587
234,28576600,0,93746518,0.29722
235,29156500,0,94049628,0.296917
236,27632800,0,94372194,0.296678
237,28848100,0,94714216,0.296502
238,26395400,0,95069607,0.29637
239,30301100,0,95443373,0.296295
240,28386400,0,95830451,0.296262
241,26412000,0,96232889,0.296277
242,28003800,0,96651711,0.296342
243,30690800,0,97086917,0.296457
244,47650200,0,92411950,0.28103
245,29210600,0,92879014,0.281302
246,25074700,0,93360300,0.281615
247,29972100,0,93856946,0.281971
248,35115700,1,94366904,0.282365
249,35559300,0,94892222,0.282801
250,24395300,0,95432957,0.283279
251,24261800,0,95991043,0.283805
252,28293700,0,96564489,0.284372
253,28370900,0,97163535,0.28501
254,27754200,0,97785109,0.285708
255,24371100,0,98422100,0.286446
256,26814800,0,99074394,0.287222
257,26000400,0,99742048,0.288037
258,33104400,0,100426086,0.288893
259,43885100,0,101123436,0.28978
260,29498900,0,101831026,0.29069
261,31384200,0,93545590,0.266019
262,24817200,0,94281852,0.267093
263,24177200,0,95034498,0.268205
264,33472800,0,95810696,0.269376
265,26581600,0,96600206,0.270574
266,32433900,0,97403028,0.271801
267,25109500,0,98222291,0.273065
268,27391300,0,99055833,0.274358
269,40397100,0,99908831,0.275696
270,25820700,0,100777189,0.277066
271,42272800,1,101668075,0.278488
272,31413300,0,102574321,0.279941
273,29360000,0,103495984,0.281425
274,25527900,0,104434998,0.282946
275,27081100,0,105392444,0.284505
276,29757800,0,106359106,0.286078
277,34551900,0,107341128,0.287681
278,39236500,0,108340558,0.289319
279,33391500,0,95467300,0.254031
280,25817000,0,96492444,0.255845
281,27090400,0,97535906,0.257695
282,42430000,0,98594728,0.259572
283,28746600,0,99669934,0.261478
284,36023200,0,100769716,0.263436
285,25417900,0,101890035,0.265434
286,27654300,0,103028729,0.267465
287,26233600,0,104183807,0.269524
288,30355000,0,105352197,0.271604
289,31334700,0,106536971,0.273711
290,31043200,0,107736081,0.275841
291,30111200,0,108952656,0.278
292,29994700,0,110189654,0.280197
293,31005100,0,111448156,0.282433
294,34307200,0,112718946,0.284685
295,47316200,0,114006120,0.286963
296,33252300,0,115312750,0.289275
297,38584000,0,98154034,0.245404
298,28857100,1,99485240,0.247901
299,42199600,0,100837950,0.250434
300,257056200,0,235055680,0.581828
301,23290300,0,235210367,0.580283
302,24428900,0,235380357,0.578786
303,24662800,0,235564683,0.577333
304,23715800,0,235765393,0.575931
305,26063400,0,235983511,0.57458
306,27928600,0,236219037,0.57328
307,30043700,0,236219037,0.571419
308,24283300,0,236219037,0.569569
309,33117400,0,236219037,0.567732
310,24711400,0,236219037,0.565906
311,26306000,0,117716997,0.281109
312,27719300,0,118041611,0.280984
313,25077400,0,118377546,0.280886
314,24801600,0,118728784,0.280825
315,25064300,0,119098454,0.280808
316,26155300,0,119483484,0.280827
317,33440900,0,119888994,0.280894
318,31544900,0,120307816,0.280992
319,28952200,0,120745127,0.281132
320,34836800,0,121199789,0.281311
321,23967800,0,121670835,0.281527
322,25879700,0,122165433,0.281797
323,28394300,0,122679487,0.282109
324,32663100,0,123209925,0.282457
325,30237600,0,117266097,0.268006
326,25652200,0,117827369,0.268466
327,24787800,0,118399791,0.268947
328,25377200,0,118992693,0.269473
329,26655100,0,119597883,0.270022
330,28595800,1,120213313,0.270592
331,31291600,0,120843136,0.27119
332,30043500,0,121489286,0.271822
333,24436700,0,122153868,0.27249
334,24381700,0,122837906,0.273198
335,27793900,0,123537304,0.273936
336,42129900,0,124253086,0.274706
337,33765500,0,124987357,0.275511
338,25411200,0,125731811,0.276335
339,24690700,0,126490601,0.277185
340,24334300,0,127265775,0.278066
341,27390400,0,128056309,0.278975
342,29813900,0,128869371,0.279928
343,32054000,0,118708906,0.257108
344,26665300,0,119549616,0.258178
345,23795900,0,120409782,0.259284
346,25452100,0,121285308,0.260417
347,28816200,0,122174146,0.261571
348,33754600,0,123083464,0.262763
349,25778600,0,124011271,0.263987
350,28590800,0,124957453,0.265244
351,25317300,0,125921043,0.26653
352,26538700,0,126899993,0.267841
353,29705800,0,127894303,0.269177
354,30974200,0,128902949,0.270536
355,36242300,0,129931108,0.271928
356,25600500,1,130975594,0.273346
357,25494400,1,132042608,0.274803
358,26532900,0,133123958,0.276282
359,28372300,0,134217596,0.277778
360,32154200,0,135326594,0.279297
361,34478600,0,120912932,0.24886
362,26638700,0,122048554,0.250505
363,33165000,0,123204656,0.252183
364,26059700,0,124375094,0.253881
365,28839700,0,125558844,0.255597
366,31107000,0,126754882,0.257329
367,30320600,0,127978625,0.259107
368,33097300,0,129220743,0.260913
369,28992700,0,130480269,0.262744
370,34045000,0,131752083,0.26459
371,28815900,0,133040281,0.266459
372,32636700,0,134343839,0.268348
373,28972300,0,135662814,0.270258
374,27478200,0,137000164,0.272195
375,45033600,0,138349802,0.274145
376,267237400,0,272567532,0.53867
377,32243800,0,272567532,0.537245
378,24896000,0,272567532,0.535828
379,22802800,0,272567532,0.534417
380,33364300,0,272567532,0.533015
381,26864600,0,272567532,0.531619
382,29603200,0,142077247,0.276386
383,29325100,0,142307653,0.276113
384,23762000,0,142559620,0.275884
385,25168900,0,142824842,0.275681
386,25938900,0,143101328,0.275501
387,24586600,0,143390102,0.275345
388,32107400,0,143697308,0.275226
389,32433900,0,144014754,0.275127
390,29869200,0,144350632,0.275063
391,23345700,0,144704999,0.275035
392,24265700,0,145078765,0.275044
393,38178900,0,145464819,0.275075
394,34440600,0,145866233,0.275136
395,43116100,0,146287103,0.275233
396,28040800,0,146729477,0.27537
397,47852200,0,141642178,0.265155
398,27453400,0,142119482,0.265382
399,28173100,0,142615104,0.265641
400,26646400,0,143129158,0.265934
401,33103700,0,143662668,0.266261
402,33459300,0,144214610,0.266621
403,24157900,0,144781969,0.267007
404,25491600,0,145368727,0.267428
405,33238200,0,145971869,0.267876
406,30550900,0,146592419,0.268353
407,32333100,0,147234473,0.268868
408,43356600,0,147891887,0.269408
409,27168100,0,148568814,0.269981
410,27807200,0,149258996,0.270576
411,26753900,0,149971706,0.271208
412,28893700,0,150695680,0.271857
413,29613600,0,151440134,0.27254
414,35168000,0,152197900,0.273244
415,42733200,0,142933800,0.255995
416,30583000,0,143728430,0.256801
417,26952300,0,144542516,0.257638
418,30759500,0,145369914,0.258494
419,35880600,0,146208576,0.259366
420,31832800,0,147058502,0.260254
421,27786200,0,147927941,0.261173
422,27645400,0,148812683,0.262114
423,30450400,0,149714833,0.263081
424,28727800,0,150632343,0.26407
425,30566600,0,151563165,0.265078
426,33257900,0,152510371,0.26611
427,34702500,0,153477090,0.267171
428,28883400,0,154459112,0.268254
429,26830600,0,155457518,0.26936
430,26114100,0,156471284,0.270488
431,28384300,0,157501434,0.271638
432,33530100,0,158550016,0.272815
433,33918500,0,144986189,0.248901
434,38952600,0,146062419,0.250172
435,39232200,0,147155033,0.251466
436,25615400,0,148268127,0.252788
437,28469500,0,149403749,0.254143
438,32465000,0,150550635,0.25551
439,28211700,0,151712938,0.256898
440,28211100,0,152890544,0.258305
441,28260200,0,154092726,0.259747
442,32339300,0,155310268,0.261208
443,31914100,0,156545218,0.262692
444,41932700,0,157802696,0.264207
445,38641800,0,159073543,0.265738
446,36299200,0,160359693,0.267287
447,28343700,0,161662227,0.268857
448,29654900,0,162984217,0.270451
449,32122200,0,164322591,0.272066
450,61510900,0,165672229,0.273693
451,264005600,0,165672229,0.273087
452,25493000,0,165672229,0.272484
453,35988000,0,165672229,0.271884
454,26812400,0,165672229,0.271287
455,28554400,0,165672229,0.270692
456,35261800,0,166525535,0.271491
457,30522700,0,166755998,0.271273
458,23488300,0,167009956,0.271094
459,32619500,0,167275178,0.270934
460,32935300,0,167559856,0.270807
461,28684200,0,167859894,0.270704
462,29635300,0,168180412,0.270635
463,27446400,0,168521467,0.2706
464,26797000,0,168876801,0.270587
465,25254000,0,169250567,0.270604
466,26251200,0,169636621,0.270641
467,25800300,0,170033939,0.270695
468,47560000,0,170448665,0.270776
469,33090300,0,166063334,0.263249
470,29988500,0,166513900,0.263402
471,53699000,0,166983922,0.263586
472,26531700,0,167472376,0.263798
473,38581200,0,167973118,0.264029
474,33172300,0,168491268,0.264286
475,41737000,0,169019715,0.264558
476,38755600,0,169562441,0.264851
477,32031200,0,170122575,0.26517
478,26064900,0,170700117,0.265515
479,28238900,0,171293019,0.265882
480,31107800,0,171903329,0.266274
481,26551200,1,172532128,0.266694
482,26619300,0,173179302,0.26714
483,25691900,0,173846956,0.267616
484,27457500,0,174528946,0.268112
485,32487900,0,175232440,0.268639
486,38563100,0,175951294,0.269187
487,42814000,0,167259123,0.255364
488,26654000,0,168005625,0.255979
489,29366500,0,168764415,0.256611
490,29291000,0,169539589,0.257264
491,39558500,0,170330123,0.257939
492,32165500,0,171140113,0.25864
493,26327900,0,171968592,0.259366
494,30295300,0,172810326,0.260109
495,27871700,0,173668444,0.260873
496,27184000,0,174548066,0.261667
497,27932900,0,175438952,0.262474
498,33863300,0,176343150,0.263298
499,31907300,0,177262765,0.264142
500,33090300,0,178196659,0.265004
501,27539200,0,179143865,0.265882
502,33101900,0,180107455,0.26678
503,28284100,0,181084357,0.267695
504,31885900,0,182074571,0.268626
505,32978700,0,169195681,0.249132
506,27916800,0,170217639,0.250142
507,28244600,0,171259053,0.251177
508,28348500,0,172315827,0.25223
509,34573600,0,173385913,0.253299
510,39843900,0,174473407,0.254389
511,28430100,0,175576318,0.255497
512,26898300,0,176698628,0.256629
513,27307000,1,177831178,0.257771
514,27580600,0,178980112,0.258933
515,28293800,0,180146454,0.260115
516,35154500,0,181332252,0.261321
517,29202000,0,182531419,0.262542
518,29943300,0,183744865,0.263778
519,31781400,0,184974695,0.265032
520,41043100,0,186219885,0.266304
521,40730800,0,187479411,0.267592
522,36023200,0,188757369,0.268901
523,39999300,0,171857815,0.244359
524,30761700,0,173173661,0.245761
525,29083300,0,174503843,0.247178
526,47652700,0,175852457,0.248615
527,270456900,1,310070187,0.437538
528,22613600,0,310217706,0.436919
529,23998900,0,310381552,0.436325
530,28887400,0,310559734,0.435753
531,25448200,0,310752252,0.435204
532,26701100,0,310959106,0.434677
533,29731900,0,311181320,0.434173
534,32840100,0,311181320,0.433361
535,24146900,0,311181320,0.432553
536,28563300,0,311181320,0.431747
537,31614800,0,311181320,0.430945
538,27984900,0,191566190,0.264801
539,35659900,0,191883636,0.264749
540,30568900,0,192216499,0.264718
541,29248900,0,192563641,0.264707
542,24509300,0,192925119,0.264715
543,32279400,0,193298885,0.264741
544,33816100,0,193689035,0.264788
545,33450300,0,194094545,0.264857
546,24677400,0,194513424,0.264943
547,30081800,1,194956822,0.265062
548,25155500,0,195416604,0.265204
549,28771600,0,195895842,0.265371
550,29763400,0,196394536,0.265563
551,35340600,0,196910638,0.265779
552,56533700,0,191130023,0.25751
553,38544900,0,191679007,0.257783
554,24794200,0,192241189,0.258074
555,29630100,0,192816683,0.258381
556,30150900,0,193411633,0.258713
557,31173300,0,194020919,0.259062
558,25923000,0,194649718,0.259437
559,26641200,0,195295868,0.259833
560,24191700,0,195958402,0.26025
561,32107200,0,196642440,0.260694
562,36948800,0,197341838,0.261157
563,33309500,0,198061716,0.261644
564,29945200,0,198805203,0.262162
565,30493100,0,199563993,0.262697
566,29221000,0,200341215,0.263255
567,30505700,0,201130725,0.263828
568,27310900,0,201940715,0.264425
569,29169700,0,202767089,0.265041
570,32177000,0,192596990,0.251306
571,25212500,0,193459204,0.25199
572,26158700,0,194340874,0.252697
573,30700400,0,195238928,0.253422
574,32244500,0,196153366,0.254166
575,31393000,0,197090332,0.254937
576,31901400,0,198042715,0.255725
577,29430000,0,199007329,0.256526
578,29319200,0,199985255,0.257341
579,28208400,0,200982637,0.258179
580,28143800,0,201997427,0.259036
581,31573500,0,203022457,0.259903
582,38824700,0,204065976,0.260791
583,34978400,0,205130942,0.261703
584,35809100,0,206214340,0.262635
585,47308200,0,207310026,0.26358
586,28655400,0,208424144,0.264545
587,32924900,0,209556694,0.26553
588,32213000,0,194868538,0.2465
589,29547800,0,196026688,0.247545
590,28666700,0,197200198,0.248605
591,27223200,0,198385996,0.249678
592,29639900,0,199590226,0.250769
593,32841200,0,200806744,0.251873
594,34680500,0,202040727,0.252995
595,35628200,0,203288989,0.254131
596,30006900,0,204553635,0.255284
597,25493500,0,205834665,0.256453
598,31618500,0,207130031,0.257636
599,32313500,0,208438709,0.258832
600,27520500,0,209761780,0.260041
601,26038800,0,211097082,0.261262
602,42699000,0,212450816,0.262501
603,270181200,1,346668546,0.427629
604,33838100,0,346668546,0.426923
605,23771900,0,346668546,0.426218
606,23956900,0,346668546,0.425516
607,27227700,0,346668546,0.424816
608,25294300,0,346668546,0.424119
609,37000600,0,216168468,0.26403
610,27055400,0,216424531,0.26391
611,24282300,0,216698969,0.263813
612,28352200,0,216990815,0.263737
613,29269700,0,217301093,0.263684
614,30495400,0,217628779,0.263652
615,61600600,0,217971825,0.263639
616,24907100,0,218327216,0.263641
617,24368200,0,218695862,0.263659
618,23822200,0,219084988,0.263701
619,26975900,0,219495618,0.263769
620,33740000,0,219929800,0.263865
621,61045800,0,215596592,0.258251
622,31251900,0,216062632,0.258394
623,26347000,0,216549038,0.25856
624,35427100,0,217051828,0.258746
625,38501200,0,217569978,0.258949
626,32777100,0,218104512,0.259171
627,27449600,0,218655487,0.259412
628,26506500,0,219222789,0.259672
629,28677700,0,219802379,0.259945
630,26526200,0,220398353,0.260237
631,45378700,0,221009687,0.260546
632,27925200,0,221639453,0.260876
633,26167300,0,222285660,0.261224
634,26726300,0,222951266,0.261593
635,34857300,0,223632232,0.26198
636,29414200,0,224330606,0.262385
637,31201500,0,225045364,0.262809
638,33210600,0,225777530,0.263251
639,34341300,0,216837301,0.252432
640,29701900,0,217602235,0.252927
641,25361000,0,218385601,0.253442
642,27711500,0,219183303,0.253972
643,36123900,0,219997389,0.25452
644,31684500,0,220828883,0.255086
645,26058400,0,221673746,0.255665
646,31801200,0,222535960,0.256263
647,25692200,0,223410462,0.256873
648,36079900,0,224299300,0.257498
649,30382900,0,225205546,0.25814
650,32450100,0,226133296,0.258806
651,31803300,0,227079535,0.25949
652,27808600,1,228044149,0.260193
653,28270200,0,229027195,0.260915
654,34043800,0,230023553,0.26165
655,43246300,0,231036295,0.262402
656,35700900,0,232065421,0.263169
657,36412200,0,218843946,0.247799
658,30252100,0,219905840,0.248623
659,31685900,0,220980022,0.249459
660,29259900,0,222075708,0.250317
661,30870100,0,223184706,0.251187
662,36380500,0,224311112,0.252074
663,28319100,0,225456007,0.252979
664,36782800,0,226614157,0.253896
665,36282900,0,227791763,0.254832
666,29407400,0,228985753,0.255784
667,31650100,0,230195103,0.25675
668,33958900,0,231417765,0.257727
669,40214800,0,232654820,0.258718
670,29696100,0,233904106,0.25972
671,28178400,0,235168752,0.260736
672,27534200,0,236450806,0.261768
673,32752200,0,237746172,0.262811
674,38031600,0,239060994,0.263873
675,34361100,0,221603152,0.244241
676,45833900,0,222953814,0.245367
677,275002200,0,357171544,0.392498
678,26767900,0,357319063,0.392082
679,28036100,0,357481885,0.391683
680,34523900,0,357668259,0.391312
681,38197900,0,357865897,0.390954
682,27428700,0,358084015,0.39062
683,32228100,0,358323637,0.39031
684,30644600,0,358323637,0.38974
685,36409900,0,358323637,0.389172
686,32505900,0,358323637,0.388605
687,29875100,0,358323637,0.388041
688,27849200,0,241067398,0.260681
689,30838200,0,241405324,0.260668
690,22876700,0,241757643,0.260671
691,24801200,0,242123217,0.260688
692,24925800,0,242505175,0.260722
693,26426900,0,242903517,0.260774
694,26778500,0,243323363,0.260849
695,31357200,0,243762665,0.260944
696,27225700,1,244216360,0.261055
697,25809900,1,244693550,0.26119
698,34937700,0,245184052,0.26134
699,33297100,0,245691962,0.261507
700,26946300,0,246217280,0.261692
701,32728900,0,246756934,0.261892
702,41160800,0,240612168,0.255007
703,33378600,0,241186752,0.255253
704,26379000,0,241785798,0.255524
705,29389200,0,242398156,0.255808
706,34310000,0,243023826,0.256106
707,31546300,0,243665880,0.25642
708,35494800,0,244323351,0.256749
709,28311300,0,245001245,0.257099
710,32153700,0,245696547,0.257466
711,26443900,0,246413353,0.257854
712,28863100,0,247145519,0.258258
713,32376700,0,247890997,0.258674
714,31019100,0,248650868,0.259104
715,28592500,0,249430138,0.259553
716,33663000,0,250225792,0.260018
717,29129500,0,251042950,0.260504
718,29991200,0,251881612,0.26101
719,37189200,0,252741778,0.261538
720,35321200,0,242151981,0.250232
721,28792000,0,243044915,0.250807
722,25526300,0,243955257,0.251398
723,25761700,0,244878911,0.252001
724,34710200,0,245825093,0.252626
725,37203600,0,246788683,0.253267
726,28539800,0,247767690,0.253922
727,28292800,0,248760976,0.25459
728,26962600,0,249770646,0.255272
729,39493900,0,250796700,0.25597
730,43046300,0,251841186,0.256684
731,32596200,0,252901032,0.257412
732,27995700,0,253979367,0.258157
733,32951500,0,255069933,0.258913
734,27049000,0,256176883,0.259683
735,26490400,0,257299193,0.260466
736,29615200,0,258437887,0.261264
737,38853100,0,259589893,0.262073
738,37540100,0,244494193,0.246498
739,30122800,0,245673847,0.247353
740,27600000,0,246868861,0.248221
741,30834400,0,248077187,0.2491
742,36042900,0,249303945,0.249995
743,35805100,0,250541967,0.250898
744,30439200,0,251795406,0.251815
745,28026500,0,253064148,0.252745
746,28060100,0,254349274,0.253688
747,37053900,0,255649760,0.254644
748,30734600,0,256960486,0.255608
749,31921800,0,258287596,0.256586
750,50511700,1,259630123,0.257576
751,284629800,0,393847853,0.390212
752,36501300,0,393997363,0.389842
753,35360500,0,393997363,0.389325
754,24846400,0,393997363,0.388809
755,25893800,0,393997363,0.388295
756,24281100,0,393997363,0.387782
757,26970100,0,393997363,0.38727
758,32766400,0,265541559,0.260664
759,22510900,0,265803766,0.260578
760,27886200,0,266084348,0.26051
761,25791000,0,266379266,0.260457
762,28317100,0,266691592,0.26042
763,29810000,0,267026446,0.260406
764,29381300,0,267383828,0.260414
765,30310700,0,267763795,0.260443
766,27692800,0,268160089,0.260489
767,26981500,0,268575839,0.260553
768,31708400,0,269008997,0.260634
769,37652700,0,269456491,0.260728
770,31692400,0,269921393,0.260839
771,42197200,0,265008275,0.25576
772,29751000,0,265512203,0.255915
773,32268800,0,266030353,0.256083
774,35863900,0,266567959,0.256269
775,32622700,0,267120925,0.25647
776,31821400,0,267688227,0.256684
777,27431500,0,268269922,0.256911
778,30675100,0,268876136,0.257161
779,28681200,0,269497710,0.257425
780,28991100,0,270136692,0.257705
781,26758300,0,270788986,0.257997
782,35213000,0,271461760,0.258308
783,25368400,0,272153023,0.258635
784,29982400,0,272858565,0.258975
785,38485600,0,273575371,0.259325
786,24502400,0,274308561,0.25969
787,26583700,0,275062231,0.260073
788,31475800,0,275832285,0.26047
789,32784600,0,266354682,0.251202
790,26464900,0,267156480,0.25164
791,26941100,0,267971590,0.252089
792,25480200,0,268801036,0.25255
793,29962500,1,269647890,0.253027
794,28785700,1,270511128,0.253518
795,26060200,0,271390807,0.254023
796,26220000,0,272283741,0.254539
797,28337300,0,273194083,0.255069
798,42493900,0,274117737,0.255612
799,33696700,0,275055727,0.256166
800,37752800,0,276013173,0.256736
801,36657800,0,276985012,0.257319
802,25704700,0,277971130,0.257914
803,27616400,0,278968512,0.258517
804,27394600,0,279977158,0.259129
805,28327400,0,281007308,0.25976
806,32661600,0,282054866,0.260406
807,32718100,0,268428776,0.247519
808,26905900,0,269506030,0.248205
809,29050100,0,270596596,0.248901
810,27723900,0,271703546,0.249611
811,29054900,0,272828928,0.250337
812,33079400,0,273969670,0.251074
813,27216700,0,275129925,0.251828
814,24524000,0,276304459,0.252592
815,33312800,0,277494353,0.253369
816,39527300,0,278697559,0.254157
817,29395400,0,279918173,0.254958
818,31787600,0,281153123,0.25577
819,27356000,0,282405538,0.256596
820,27054100,0,283673256,0.257434
821,27559400,0,284959406,0.258286
822,28343100,1,286261940,0.259152
823,31421600,0,287583930,0.260032
824,34351800,0,288920256,0.260924
825,53228400,0,271231202,0.244653
826,230275700,0,405448932,0.365276
827,23604600,0,405597418,0.364968
828,25085500,0,405758249,0.364672
829,28626900,0,405939503,0.364396
830,24507200,0,406139189,0.364136
831,35743900,0,406351163,0.363888
832,31773000,0,406579521,0.363656
833,33213800,0,406826311,0.36344
834,46282800,0,406826311,0.363005
835,33047900,0,406826311,0.362571
836,26790600,0,406826311,0.362138
837,26497400,0,406826311,0.361706
838,29783500,0,290557997,0.258025
839,35166300,0,290919475,0.258038
840,27114700,0,291296370,0.258065
841,25877900,0,291694712,0.258111
842,24919000,0,292110462,0.258172
843,28123300,1,292544644,0.25825
844,38470200,0,292995210,0.258341
845,31814500,0,293462160,0.258447
846,27307300,0,293947599,0.258569
847,34478600,0,294444245,0.258701
848,28591600,0,294957275,0.258846
849,27505500,0,295490785,0.259009
850,29833500,0,296042727,0.259188
851,32178600,0,296620269,0.259389
852,33610400,0,290143607,0.253428
853,31109200,0,290763247,0.253672
854,25434000,0,291402229,0.253932
855,39207100,0,292057595,0.254205
856,29631700,0,292737537,0.2545
857,29569200,0,293435968,0.25481
858,27088600,0,294148678,0.255131
859,25457800,0,294882892,0.255471
860,26946700,0,295632466,0.255823
861,33425900,0,296395352,0.256185
862,45731000,0,297174622,0.256561
863,32248200,0,291069809,0.251
864,25610800,0,291873655,0.251402
865,32055800,0,292703101,0.251825
866,37048000,1,293558147,0.25227
867,36493000,0,294430601,0.252728
868,26398100,0,295319496,0.253199
869,27517700,0,296226766,0.253685
870,30070600,0,297154516,0.254188
871,28463400,0,298094554,0.254699
872,29386200,0,299052000,0.255225
873,34443600,0,300023782,0.255761
874,33835200,0,292304812,0.248896
875,27486600,0,293306290,0.249464
876,27296100,0,294322104,0.250042
877,31843300,0,295356350,0.250635
878,46634500,0,296406980,0.251241
879,39665000,0,297475018,0.251859
880,27630100,0,298562569,0.252493
881,29522700,0,299663375,0.253137
882,30068800,0,300780565,0.253793
883,29564800,0,301916187,0.254463
884,28302800,0,303069217,0.255146
885,33598500,0,304240679,0.255843
886,27812000,0,305425510,0.25655
887,26847400,0,306624620,0.257267
888,26013800,0,307844210,0.258
889,27433700,0,309080184,0.258745
890,30725800,0,310332542,0.259501
891,34253800,1,311600260,0.260269
892,31336500,0,294942441,0.24608
893,25455300,0,296232801,0.24688
894,26514000,0,297542503,0.247694
895,26788500,0,298870637,0.248522
896,56205700,0,300213107,0.24936
897,279281100,0,434430837,0.360441
898,27581800,0,434578356,0.360163
899,27028100,0,434739130,0.359895
900,31533000,0,434916288,0.359642
901,31926600,0,435110854,0.359404
902,45622300,0,435317708,0.359177
903,29730700,0,435538898,0.358962
904,25187100,0,435789841,0.358772
905,27687500,0,436060183,0.358598
906,25178400,1,436347933,0.358439
907,25150600,0,436650019,0.358293
908,29204500,0,436965417,0.358157
909,30286700,0,437302319,0.358039
910,29990900,0,437302319,0.357646
911,26280200,0,437302319,0.357254
912,23509600,0,437302319,0.356863
913,30930200,0,437302319,0.356472
914,38156500,0,315462645,0.256872
915,36969400,0,315896827,0.256945
916,28540100,0,316344378,0.257028
917,35432900,0,316811328,0.257127
918,30411100,0,317302854,0.257246
919,34983400,0,317811788,0.257378
920,30520200,0,318335058,0.257522
921,27525700,0,318879889,0.257683
922,27262800,0,319440023,0.257856
923,27176300,0,320020637,0.258045
924,25499400,0,320618659,0.258248
925,32490000,0,321233065,0.258464
926,30298700,0,321857711,0.258687
927,33012500,0,314827601,0.252764
928,33738800,0,315489111,0.253022
929,37385000,0,316162909,0.25329
930,29291800,0,316852067,0.253569
931,27033100,0,317560681,0.253864
932,31775400,0,318281583,0.254167
933,27470700,0,319018926,0.254484
934,28073200,0,319771572,0.254811
935,37275200,0,320543674,0.255153
936,27550400,0,321335232,0.255511
937,31289900,0,322143174,0.25588
938,31340400,0,322965452,0.25626
939,27653300,0,323802123,0.25665
940,35560200,0,324660241,0.257057
941,27090700,0,325533719,0.257475
942,29044000,0,326426653,0.257908
943,33232900,0,327336995,0.258353
944,29850500,0,328263721,0.25881
945,38999300,0,316581273,0.249336
946,38402000,0,317535761,0.249823
947,25857400,0,318505495,0.250322
948,38197700,0,319489565,0.250831
949,30514200,0,320491043,0.251352
950,35702700,0,321510953,0.251887
951,29085500,0,322545256,0.252432
952,32079000,1,323597934,0.25299
953,27621400,0,324673140,0.253564
954,27069600,0,325767802,0.254153
955,34767300,0,326879872,0.254754
956,34398300,0,328008326,0.255366
957,27416000,0,329149125,0.255987
958,29249600,0,330310347,0.256622
959,29712100,0,331487953,0.257269
960,32680100,0,332680919,0.257926
961,34288500,0,333894365,0.258597
962,37326100,0,335123171,0.25928
963,31192000,0,319106035,0.246631
964,29619700,0,320365561,0.247348
965,37257900,0,321639423,0.248075
966,37821600,0,322928645,0.248811
967,32973600,0,324232203,0.249558
968,34031700,0,325550097,0.250313
969,26496600,0,326883408,0.251079
970,38495500,0,328234070,0.251857
971,261354900,0,462451800,0.354479
972,28229500,0,462597271,0.354226
973,24217300,0,462755997,0.353984
974,21427800,0,462931107,0.353754
975,22083900,0,463131817,0.353545
976,25917100,0,463349935,0.35335
977,29076900,0,463588533,0.35317
978,31755400,0,463588533,0.352809
979,29686300,0,463588533,0.352449
980,26932000,0,463588533,0.35209
981,33396400,0,463588533,0.351732
982,24387200,0,463588533,0.351374
983,43894100,0,339955422,0.257405
984,33167900,0,340321053,0.25742
985,27089300,0,340700963,0.257446
986,25632600,0,341101353,0.257488
987,26551500,0,341517103,0.257541
988,27227700,0,341950261,0.257606
989,30822100,0,342396731,0.257682
990,25006500,0,342862714,0.257773
991,25011400,0,343342976,0.257873
992,26130600,0,343838598,0.257986
993,27335900,1,344350604,0.25811
994,31513500,0,344880018,0.258247
995,33370800,0,345424792,0.258395
996,30667400,0,339164611,0.253458
997,30542400,0,339740219,0.253633
998,23953400,0,340326977,0.253817
999,33781800,0,340935239,0.254017
